<?xml version="1.0" encoding="utf-8"?>
<ArrayOfAppointment xmlns:xsi="http://www.w3.org/2001/XMLSchema-instance" xmlns:xsd="http://www.w3.org/2001/XMLSchema">
  <Appointment>
    <Id>1</Id>
    <Time>10AM</Time>
    <TypeOfCustomer>Individual</TypeOfCustomer>
    <Customer>
      <FirstName>aaaaaaa</FirstName>
      <Phone>1111111111</Phone>
    </Customer>
    <Date>2018-04-21T00:00:00-04:00</Date>
    <Department>Stranford</Department>
    <Service>Taxation</Service>
  </Appointment>
</ArrayOfAppointment>