<?xml version="1.0" encoding="utf-8"?>
<ArrayOfAppointment xmlns:xsi="http://www.w3.org/2001/XMLSchema-instance" xmlns:xsd="http://www.w3.org/2001/XMLSchema">
  <Appointment>
    <Id>1</Id>
    <Time>11AM</Time>
    <TypeOfCustomer>Individual</TypeOfCustomer>
    <Customer>
      <FirstName>aaaaaaaaaaaa</FirstName>
      <Phone>1111111111</Phone>
    </Customer>
    <Date>2018-04-28T00:00:00</Date>
    <Department>Guelph</Department>
    <Service>Law</Service>
  </Appointment>
  <Appointment>
    <Id>2</Id>
    <Time>9AM</Time>
    <TypeOfCustomer>Individual</TypeOfCustomer>
    <Customer>
      <FirstName>zzzzzzzzzzzzz</FirstName>
      <Phone>1111111111</Phone>
    </Customer>
    <Date>2018-04-27T00:00:00</Date>
    <Department>Mississauga</Department>
    <Service>Taxation</Service>
  </Appointment>
</ArrayOfAppointment>